{
    "accuracy": [
        0.7049999833106995,
        0.9081249833106995,
        0.9386157393455505,
        0.9387500286102295,
        0.9431250095367432,
        0.9453125,
        0.9589727520942688,
        0.9587500095367432,
        0.953125,
        0.9603124856948853,
        0.9634374976158142,
        0.962890625,
        0.9646875262260437,
        0.9665625095367432,
        0.96875
    ],
    "loss": [
        0.9710251092910767,
        0.3423426151275635,
        0.23698200285434723,
        0.20325738191604614,
        0.18222956359386444,
        0.17611753940582275,
        0.14633414149284363,
        0.13097509741783142,
        0.15040771663188934,
        0.11883818358182907,
        0.12018748372793198,
        0.11835191398859024,
        0.10795611143112183,
        0.10214094072580338,
        0.10436029732227325
    ],
    "val_accuracy": [
        0.8343750238418579,
        0.918749988079071,
        0.9166666865348816,
        0.9083333611488342,
        0.9489583373069763,
        0.9312499761581421,
        0.9572916626930237,
        0.9354166388511658,
        0.9614583253860474,
        0.9635416865348816,
        0.9614583253860474,
        0.9770833253860474,
        0.9645833373069763,
        0.9583333134651184,
        0.9708333611488342
    ],
    "val_loss": [
        0.5928753018379211,
        0.31092414259910583,
        0.3029687702655792,
        0.2749590277671814,
        0.15560021996498108,
        0.2188418209552765,
        0.14390888810157776,
        0.1987297087907791,
        0.13633032143115997,
        0.1297294944524765,
        0.12022219598293304,
        0.08944902569055557,
        0.1215464398264885,
        0.12423288822174072,
        0.09439823776483536
    ]
}